{"cameraMode":{"drawMode":0,"name":"Shaded","section":"Shading Mode"},"sceneLighting":false,"audioPlay":false,"sceneViewState":{"m_AlwaysRefresh":false,"showFog":true,"showSkybox":false,"showFlares":true,"showImageEffects":true,"showParticleSystems":true,"showVisualEffectGraphs":true,"m_FxEnabled":true},"in2DMode":false,"pivot":{"x":-1.8071931600570679,"y":0.3151000738143921,"z":-1.0662704706192017},"rotation":{"x":-0.0960816815495491,"y":-0.04060348868370056,"z":0.003922753501683474,"w":-0.9945477843284607},"size":3.8490285873413088,"orthographic":false}